{"cameraMode":{"drawMode":0,"name":"Shaded","section":"Shading Mode"},"sceneLighting":false,"audioPlay":false,"sceneViewState":{"showFog":true,"showMaterialUpdate":false,"showSkybox":true,"showFlares":true,"showImageEffects":true,"showParticleSystems":true},"in2DMode":false,"pivot":{"x":0.0805017352104187,"y":1.1047425270080567,"z":1.3967360258102418},"rotation":{"x":0.24354979395866395,"y":0.5301833748817444,"z":-0.1622655689716339,"w":0.7957757115364075},"size":0.7192183136940002,"orthographic":false}