{"cameraMode":{"drawMode":0,"name":"Shaded","section":"Shading Mode"},"sceneLighting":false,"audioPlay":false,"sceneViewState":{"showFog":true,"showMaterialUpdate":false,"showSkybox":true,"showFlares":true,"showImageEffects":true,"showParticleSystems":true},"in2DMode":false,"pivot":{"x":0.003070274367928505,"y":1.0068000555038453,"z":0.005669999867677689},"rotation":{"x":-0.08101516962051392,"y":0.6026053428649902,"z":0.06167794391512871,"w":0.7915170192718506},"size":0.03689511865377426,"orthographic":false}