{"cameraMode":{"drawMode":0,"name":"Shaded","section":"Shading Mode"},"sceneLighting":false,"audioPlay":false,"sceneViewState":{"showFog":true,"showMaterialUpdate":false,"showSkybox":true,"showFlares":true,"showImageEffects":true,"showParticleSystems":true},"in2DMode":false,"pivot":{"x":-0.06644263863563538,"y":0.5796394944190979,"z":1.5037950277328492},"rotation":{"x":-0.14201858639717103,"y":-0.008035806939005852,"z":0.0011547566391527653,"w":-0.989830732345581},"size":2.406282901763916,"orthographic":false}